{"cameraMode":{"drawMode":0,"name":"Shaded","section":"Shading Mode"},"sceneLighting":false,"audioPlay":false,"sceneViewState":{"showFog":true,"showMaterialUpdate":false,"showSkybox":true,"showFlares":true,"showImageEffects":true,"showParticleSystems":true},"in2DMode":false,"pivot":{"x":-4.079002380371094,"y":6.636338710784912,"z":3.561507225036621},"rotation":{"x":-0.007905755192041397,"y":-0.8919694423675537,"z":0.015509582124650479,"w":-0.4517604112625122},"size":19.979459762573243,"orthographic":false}