{"cameraMode":{"drawMode":0,"name":"Shaded","section":"Shading Mode"},"sceneLighting":false,"audioPlay":false,"sceneViewState":{"showFog":true,"showMaterialUpdate":false,"showSkybox":true,"showFlares":true,"showImageEffects":true,"showParticleSystems":true},"in2DMode":false,"pivot":{"x":-20.450008392333986,"y":7.392879486083984,"z":-24.925853729248048},"rotation":{"x":0.15206125378608704,"y":-0.4743041396141052,"z":0.08341655135154724,"w":0.8631076216697693},"size":112.3240737915039,"orthographic":false}